HealthPersonID,First Name,Last Name,Username,Password,Phone,DeptID,UserID
HP2345,Emma,Johnson,emma_j,Pa$$w0rd,(555) 123-4567,D001,33
HP3456,Ethan,Williams,ethan_w,3xample!,(555) 234-5678,D002,34
HP4567,Olivia,Brown,olivia_b,Qwerty12,(555) 345-6789,D003,35
HP5678,Noah,Jones,noah_j,P@ssw0rd,(555) 456-7890,D004,36
HP6789,Ava,Garcia,ava_g,9!p0n3H#,(555) 567-8901,D005,37
HP7890,Liam,Rodriguez,liam_r,P@$$word,(555) 678-9012,D006,38
HP8901,Sophia,Martinez,sophia_m,s0m3pass,(555) 789-0123,D007,39
HP9012,Mason,Davis,mason_d,4t#3f3m!,(555) 890-1234,D001,40
HP2345,Isabella,Hernandez,isabella_h,Passw0rd!,(555) 901-2345,D002,41
HP3456,Benjamin,Wilson,benjamin_w,b3nji3!,(555) 012-3456,D003,42
HP4567,Mia,Anderson,mia_a,c0mpl3xP@ss,(555) 123-4567,D004,43
HP5678,Elijah,Thomas,elijah_t,R@inb0w#,(555) 234-5678,D005,44
HP6789,Charlotte,Jackson,charlotte_j,Ch@rl!3!,(555) 345-6789,D006,45
HP7890,Oliver,White,oliver_w,P@ssw0rd1,(555) 456-7890,D007,46
HP8901,Amelia,Harris,amelia_h,Ame!ia123,(555) 567-8901,D001,47