PatientID,Email,Contact,Phone Number
74092,johnsmith@example.com,Jane Doe, (234)567-8901
61924,janedoe@example.com,John Smith, (123)456-7890
29758,johndoe@example.com,Sarah Lee, (456)789-0123
82741,sarahlee@example.com,John Doe, (345)678-9012
53821,jamesbrown@example.com,Amy Green, (678)901-2345
91385,amygreen@example.com,James Brown, (567)890-1234
45783,sarahjones@example.com,David Kim, (890)123-4567
20648,davidkim@example.com,Sarah Jones, (789)012-3456
13907,christopherdavis@example.com,Emily Wilson, (012)345-6789
81936,emilywilson@example.com,Christopher Davis, (901)234-5678
64237,ashleybrown@example.com,Michael Lee, (234)567-8901
46829,michaellee@example.com,Ashley Brown, (123)456-7890
38761,laurasmith@example.com,Brian Johnson, (456)789-0123
17465,brianjohnson@example.com,Laura Smith, (345)678-9012
85123,melissawilliams@example.com,Jason Davis, (567)890-1234
74358,jasondavis@example.com,Melissa Williams, (678)901-2345
92640,michaelscott@example.com,Pam Beesly, (789)012-3456
27584,johnsmith@example.com,Jane Doe, (234)567-8901
74892,janedoe@example.com,John Smith, (123)456-7890
58174,johndoe@example.com,Sarah Lee, (456)789-0123
93047,sarahlee@example.com,John Doe, (345)678-9012
42058,jamesbrown@example.com,Amy Green, (678)901-2345
21693,amygreen@example.com,James Brown, (567)890-1234
83095,sarahjones@example.com,David Kim, (890)123-4567
51698,davidkim@example.com,Sarah Jones, (789)012-3456